,Flow_rate_nom,DP
0,300,1.2433844975308181
1,500,3.2407815699673264
2,800,7.974883663256609
3,1000,12.29712775073815
